INSERT INTO `goods` (`goods_code`, `goods_size`, `goods_color`, `goods_name`, `order_code`, `quantity`, `unit_price`, `total_price`, `tax`, `image`, `promotion`) VALUES
('goods_1682530531', '35', 'Đen', 'Giày Sandal Cao Gót WOMEN NS2_W12024', 1, 2, 349000, 349000, 1000, '/store-bpel/bff/admin_bff/uploads/goods_1682530531/1682530575.webp', 0),
('goods_1682530531', '35', 'Trắng', 'Giày Sandal Cao Gót WOMEN NS2_W12024', 2, 1, 349000, 349000, 1000, '/store-bpel/bff/admin_bff/uploads/goods_1682530531/1682530575.webp', 0),
('goods_1682531001', '39', 'Đen', 'GIÀY THỂ THAO MEN IS22-24502', 3, 1, 699000, 699000, 2000, '/store-bpel/bff/admin_bff/uploads/goods_1682531001/1682531038.webp', 0),
('goods_1682531001', '39', 'Đen', 'GIÀY THỂ THAO MEN IS22-24502', 5, 1, 699000, 699000, 2000, '/store-bpel/bff/admin_bff/uploads/goods_1682531001/1682531038.webp', 0),
('goods_1682531001', '39', 'Đen', 'GIÀY THỂ THAO MEN IS22-24502', 14, 2, 699000, 0, 0.10000000149011612, '/store-bpel/bff/admin_bff/uploads/goods_1682531001/1682531038.webp', 0),
('goods_1682531177', 'M', 'Nâu', 'ÁO THUN TAY NGẮN MEN OF22-90471', 4, 2, 359000, 359000, 2000, '/store-bpel/bff/admin_bff/uploads/goods_1682531177/1682531203.webp', 0),
('goods_1682531177', 'M', 'Trắng', 'ÁO THUN TAY NGẮN MEN OF22-90471', 4, 1, 359000, 359000, 2000, '/store-bpel/bff/admin_bff/uploads/goods_1682531177/1682531203.webp', 0),
('goods_1682531751', 'L', 'Trắng', 'ÁO THUN TAY NGẮN WOMEN K0CW2TD80', 5, 1, 489000, 489000, 2000, '/store-bpel/bff/admin_bff/uploads/goods_1682531751/1682531770.webp', 0),
('goods_1682531953', 'M', 'Trắng', 'ECKO UNLTD ÁO SƠ MI WOMEN IF21-02601', 6, 1, 279000, 279000, 2000, '/store-bpel/bff/admin_bff/uploads/goods_1682531953/1682531964.webp', 0),
('goods_1682569391', 'M', 'ECKO NAVY', 'NÓN MEN IF22-62009', 7, 1, 299000, 299000, 2000, '/store-bpel/bff/admin_bff/uploads/goods_1682569391/1682569400.webp', 0),
('goods_1682569391', 'M', 'ECKO NAVY', 'NÓN MEN IF22-62009', 8, 1, 299000, 299000, 2000, '/store-bpel/bff/admin_bff/uploads/goods_1682569391/1682569400.webp', 0),
('goods_1682569391', 'M', 'RUBY WINE', 'NÓN MEN IF22-62009', 8, 1, 299000, 299000, 2000, '/store-bpel/bff/admin_bff/uploads/goods_1682569391/1682569400.webp', 0),
('goods_1682569391', 'M', 'RUBY WINE', 'NÓN MEN IF22-62009', 9, 2, 299000, 299000, 2000, '/store-bpel/bff/admin_bff/uploads/goods_1682569391/1682569400.webp', 0),
('goods_1682569696', '30', 'Trắng', 'giày sneakers nam/nữ 35135GW', 10, 1, 359000, 359000, 2000, '/store-bpel/bff/admin_bff/uploads/goods_1682569696/1682569706.webp', 0),
('goods_1682569696', '30', 'Trắng', 'giày sneakers nam/nữ 35135GW', 11, 1, 359000, 359000, 2000, '/store-bpel/bff/admin_bff/uploads/goods_1682569696/1682569706.webp', 0),
('goods_1682569696', '30', 'Xanh', 'giày sneakers nam/nữ 35135GW', 11, 1, 359000, 359000, 2000, '/store-bpel/bff/admin_bff/uploads/goods_1682569696/1682569706.webp', 0),
('goods_1682569990', 'L', 'xám', 'Áo khoác thun 381274W', 15, 1, 419000, 0, 0.10000000149011612, '/store-bpel/bff/admin_bff/uploads/goods_1682569990/1682570016.webp', 0),
('goods_1682570127', 'S', 'Bạc', 'Túi nữ NF2_W53009', 12, 1, 349000, 349000, 2000, '/store-bpel/bff/admin_bff/uploads/goods_1682570127/1682570140.webp', 0),
('goods_1682570269', '34', 'Xanh', 'QUẦN NỮ SHORT JEANS LOOSE FIT IF22-05101', 13, 1, 479000, 479000, 2000, '/store-bpel/bff/admin_bff/uploads/goods_1682570269/1682570279.webp', 0),
('goods_1682570846', 'XL', 'Xám', 'ÁO SƠ MI TAY NGẮN MEN OS22-02048', 16, 5, 314000, 0, 0.10000000149011612, '/store-bpel/bff/admin_bff/uploads/goods_1682570846/1682570856.webp', 0);

INSERT INTO `orders` (`order_code`, `transaction_date`, `total_price`, `public_order_code`) VALUES
(1, '2023-04-19 10:00:00', 698000, 'FxmgdrVU'),
(2, '2023-04-19 10:00:00', 349000, 'LZDNwxVv'),
(3, '2023-04-20 10:00:00', 699000, 'pPhcpTQS'),
(4, '2023-04-21 10:00:00', 1077000, 'JnUcilkg'),
(5, '2023-04-22 10:00:00', 1188000, 'GADxuQXf'),
(6, '2023-04-23 10:00:00', 279000, 'mLoTrawo'),
(7, '2023-04-24 10:00:00', 299000, 'pHhzjYgc'),
(8, '2023-04-24 10:00:00', 598000, 'rjCFtTzL'),
(9, '2023-04-25 10:00:00', 598000, 'ribJxdnm'),
(10, '2023-04-26 10:00:00', 359000, 'ocLwjAZV'),
(11, '2023-04-27 10:00:00', 718000, 'OWDjHrot'),
(12, '2023-04-28 10:00:00', 349000, 'vIPOVAir'),
(13, '2023-04-29 10:00:00', 479000, 'DIrWbCTF'),
(14, '2023-05-04 17:00:00', 1398000, 'hlbemydM'),
(15, '2023-05-04 17:00:00', 419000, 'fgJsJivN'),
(16, '2023-05-05 17:00:00', 1570000, 'gGPAQXAk');


INSERT INTO `store_orders` (`order_code`, `store_code`, `staff_id`) VALUES
(1, 'branch_1682526290', 'anLe'),
(2, 'branch_1682526290', 'anLe'),
(3, 'branch_1682526367', 'aTran'),
(4, 'branch_1682526156', 'binhMac'),
(5, 'branch_1682526156', 'binhMac'),
(6, 'branch_1682526238', 'lydinh'),
(7, 'branch_1682526238', 'lydinh'),
(8, 'branch_1682526238', 'lydinh'),
(9, 'branch_1682526238', 'lydinh'),
(10, 'branch_1682526238', 'lydinh'),
(11, 'branch_1682526238', 'nguyen'),
(12, 'branch_1682526238', 'nguyen'),
(13, 'branch_1682526238', 'nguyen');


INSERT INTO `online_orders` (`order_code`, `expected_delivery`, `shipping_fee`, `customer_id`, `payment_method`, `street`, `ward`, `district`, `province`, `customer_name`, `customer_phone`, `customer_email`, `status`) VALUES
(14, '2023-05-10', 10000, 'user', 'offline', '163 đường Linh Xuân', 'Tân Hòa', 'Dĩ An', 'Bình Dương', 'Phong Trần', '0897432122', 'phong@gmail.com', 0),
(15, '2023-05-10', 10000, 'user', 'offline', '163 đường Lương Định Của', 'Tân Hòa', 'Dĩ An', 'Bình Dương', 'Phong Trần', '0987674536', 'phongtran@gmail.com', 0),
(16, '2023-05-11', 10000, 'user', 'offline', '163 đường Linh Xuân', 'Tân Hòa', 'Dĩ An', 'Bình Dương', 'Phong Trần', '0976543211', 'trantuan@gmail.com', 0);